"Benchmark","Mode","Threads","Samples","Score","Score Error (99.9%)","Unit","Param: size"
"custompriorityqueue.CustomPriorityQueuePerformanceTest.testAdd","avgt",1,3,41.559423,70.751055,"ns/op",10000
"custompriorityqueue.CustomPriorityQueuePerformanceTest.testAdd","avgt",1,3,39.080914,14.821082,"ns/op",20000
"custompriorityqueue.CustomPriorityQueuePerformanceTest.testAdd","avgt",1,3,45.607057,210.907338,"ns/op",30000
"custompriorityqueue.CustomPriorityQueuePerformanceTest.testAdd","avgt",1,3,39.763038,207.558818,"ns/op",40000
"custompriorityqueue.CustomPriorityQueuePerformanceTest.testAdd","avgt",1,3,43.977122,105.845068,"ns/op",50000
"custompriorityqueue.CustomPriorityQueuePerformanceTest.testAdd","avgt",1,3,45.386904,215.782758,"ns/op",60000
"custompriorityqueue.CustomPriorityQueuePerformanceTest.testAdd","avgt",1,3,41.001770,98.605703,"ns/op",70000
"custompriorityqueue.CustomPriorityQueuePerformanceTest.testAdd","avgt",1,3,48.233034,14.989283,"ns/op",80000
"custompriorityqueue.CustomPriorityQueuePerformanceTest.testAdd","avgt",1,3,48.260293,137.554789,"ns/op",90000
"custompriorityqueue.CustomPriorityQueuePerformanceTest.testAdd","avgt",1,3,50.069383,191.809067,"ns/op",100000
"custompriorityqueue.CustomPriorityQueuePerformanceTest.testAddAll","avgt",1,3,183261.480507,76517.732830,"ns/op",10000
"custompriorityqueue.CustomPriorityQueuePerformanceTest.testAddAll","avgt",1,3,404927.461119,55542.977867,"ns/op",20000
"custompriorityqueue.CustomPriorityQueuePerformanceTest.testAddAll","avgt",1,3,652133.863317,159658.222904,"ns/op",30000
"custompriorityqueue.CustomPriorityQueuePerformanceTest.testAddAll","avgt",1,3,954592.568805,2068020.808076,"ns/op",40000
"custompriorityqueue.CustomPriorityQueuePerformanceTest.testAddAll","avgt",1,3,1081845.246747,256732.484380,"ns/op",50000
"custompriorityqueue.CustomPriorityQueuePerformanceTest.testAddAll","avgt",1,3,1285291.038829,229994.499471,"ns/op",60000
"custompriorityqueue.CustomPriorityQueuePerformanceTest.testAddAll","avgt",1,3,1625742.587803,3040279.219575,"ns/op",70000
"custompriorityqueue.CustomPriorityQueuePerformanceTest.testAddAll","avgt",1,3,1735250.558732,375813.638271,"ns/op",80000
"custompriorityqueue.CustomPriorityQueuePerformanceTest.testAddAll","avgt",1,3,1932262.794900,104308.677157,"ns/op",90000
"custompriorityqueue.CustomPriorityQueuePerformanceTest.testAddAll","avgt",1,3,2463814.149378,6170993.163380,"ns/op",100000
"custompriorityqueue.CustomPriorityQueuePerformanceTest.testCapacityAndComparatorConstructor","avgt",1,3,522.892569,624.614974,"ns/op",10000
"custompriorityqueue.CustomPriorityQueuePerformanceTest.testCapacityAndComparatorConstructor","avgt",1,3,1087.123255,2038.053247,"ns/op",20000
"custompriorityqueue.CustomPriorityQueuePerformanceTest.testCapacityAndComparatorConstructor","avgt",1,3,1656.000418,707.128829,"ns/op",30000
"custompriorityqueue.CustomPriorityQueuePerformanceTest.testCapacityAndComparatorConstructor","avgt",1,3,2522.196879,15484.034804,"ns/op",40000
"custompriorityqueue.CustomPriorityQueuePerformanceTest.testCapacityAndComparatorConstructor","avgt",1,3,2576.970573,1441.912158,"ns/op",50000
"custompriorityqueue.CustomPriorityQueuePerformanceTest.testCapacityAndComparatorConstructor","avgt",1,3,2961.513088,629.346808,"ns/op",60000
"custompriorityqueue.CustomPriorityQueuePerformanceTest.testCapacityAndComparatorConstructor","avgt",1,3,3640.282659,4562.012156,"ns/op",70000
"custompriorityqueue.CustomPriorityQueuePerformanceTest.testCapacityAndComparatorConstructor","avgt",1,3,3609.415800,994.882783,"ns/op",80000
"custompriorityqueue.CustomPriorityQueuePerformanceTest.testCapacityAndComparatorConstructor","avgt",1,3,4101.604845,1541.148448,"ns/op",90000
"custompriorityqueue.CustomPriorityQueuePerformanceTest.testCapacityAndComparatorConstructor","avgt",1,3,4443.186854,88.237971,"ns/op",100000
"custompriorityqueue.CustomPriorityQueuePerformanceTest.testCapacityConstructor","avgt",1,3,477.907236,41.585003,"ns/op",10000
"custompriorityqueue.CustomPriorityQueuePerformanceTest.testCapacityConstructor","avgt",1,3,904.796920,54.722222,"ns/op",20000
"custompriorityqueue.CustomPriorityQueuePerformanceTest.testCapacityConstructor","avgt",1,3,1440.388438,217.944894,"ns/op",30000
"custompriorityqueue.CustomPriorityQueuePerformanceTest.testCapacityConstructor","avgt",1,3,1776.506521,1.941471,"ns/op",40000
"custompriorityqueue.CustomPriorityQueuePerformanceTest.testCapacityConstructor","avgt",1,3,2279.533773,76.128311,"ns/op",50000
"custompriorityqueue.CustomPriorityQueuePerformanceTest.testCapacityConstructor","avgt",1,3,2717.139383,69.468393,"ns/op",60000
"custompriorityqueue.CustomPriorityQueuePerformanceTest.testCapacityConstructor","avgt",1,3,3179.516952,41.558177,"ns/op",70000
"custompriorityqueue.CustomPriorityQueuePerformanceTest.testCapacityConstructor","avgt",1,3,3583.215816,348.773801,"ns/op",80000
"custompriorityqueue.CustomPriorityQueuePerformanceTest.testCapacityConstructor","avgt",1,3,4046.437554,865.172611,"ns/op",90000
"custompriorityqueue.CustomPriorityQueuePerformanceTest.testCapacityConstructor","avgt",1,3,4435.019906,138.303031,"ns/op",100000
"custompriorityqueue.CustomPriorityQueuePerformanceTest.testClear","avgt",1,3,1.942760,0.029934,"ns/op",10000
"custompriorityqueue.CustomPriorityQueuePerformanceTest.testClear","avgt",1,3,1.953109,0.345581,"ns/op",20000
"custompriorityqueue.CustomPriorityQueuePerformanceTest.testClear","avgt",1,3,1.943029,0.037656,"ns/op",30000
"custompriorityqueue.CustomPriorityQueuePerformanceTest.testClear","avgt",1,3,1.944205,0.026319,"ns/op",40000
"custompriorityqueue.CustomPriorityQueuePerformanceTest.testClear","avgt",1,3,1.944036,0.036135,"ns/op",50000
"custompriorityqueue.CustomPriorityQueuePerformanceTest.testClear","avgt",1,3,1.942706,0.011222,"ns/op",60000
"custompriorityqueue.CustomPriorityQueuePerformanceTest.testClear","avgt",1,3,1.943692,0.044933,"ns/op",70000
"custompriorityqueue.CustomPriorityQueuePerformanceTest.testClear","avgt",1,3,1.943315,0.033333,"ns/op",80000
"custompriorityqueue.CustomPriorityQueuePerformanceTest.testClear","avgt",1,3,1.944756,0.015693,"ns/op",90000
"custompriorityqueue.CustomPriorityQueuePerformanceTest.testClear","avgt",1,3,1.942808,0.007950,"ns/op",100000
"custompriorityqueue.CustomPriorityQueuePerformanceTest.testCollectionAndComparatorConstructor","avgt",1,3,205186.566292,12020.864084,"ns/op",10000
"custompriorityqueue.CustomPriorityQueuePerformanceTest.testCollectionAndComparatorConstructor","avgt",1,3,391441.222118,4033.712349,"ns/op",20000
"custompriorityqueue.CustomPriorityQueuePerformanceTest.testCollectionAndComparatorConstructor","avgt",1,3,588523.838764,40555.742437,"ns/op",30000
"custompriorityqueue.CustomPriorityQueuePerformanceTest.testCollectionAndComparatorConstructor","avgt",1,3,923376.992645,10760.657504,"ns/op",40000
"custompriorityqueue.CustomPriorityQueuePerformanceTest.testCollectionAndComparatorConstructor","avgt",1,3,971018.490189,18771.329493,"ns/op",50000
"custompriorityqueue.CustomPriorityQueuePerformanceTest.testCollectionAndComparatorConstructor","avgt",1,3,1168363.692267,19131.863236,"ns/op",60000
"custompriorityqueue.CustomPriorityQueuePerformanceTest.testCollectionAndComparatorConstructor","avgt",1,3,1313292.568370,134984.395426,"ns/op",70000
"custompriorityqueue.CustomPriorityQueuePerformanceTest.testCollectionAndComparatorConstructor","avgt",1,3,1519612.601476,433279.404900,"ns/op",80000
"custompriorityqueue.CustomPriorityQueuePerformanceTest.testCollectionAndComparatorConstructor","avgt",1,3,1738444.973155,17315.466302,"ns/op",90000
"custompriorityqueue.CustomPriorityQueuePerformanceTest.testCollectionAndComparatorConstructor","avgt",1,3,1889059.456906,52572.827295,"ns/op",100000
"custompriorityqueue.CustomPriorityQueuePerformanceTest.testCollectionConstructor","avgt",1,3,173969.006694,19075.477986,"ns/op",10000
"custompriorityqueue.CustomPriorityQueuePerformanceTest.testCollectionConstructor","avgt",1,3,399529.837721,39500.076262,"ns/op",20000
"custompriorityqueue.CustomPriorityQueuePerformanceTest.testCollectionConstructor","avgt",1,3,600593.718496,5074.088567,"ns/op",30000
"custompriorityqueue.CustomPriorityQueuePerformanceTest.testCollectionConstructor","avgt",1,3,820501.600649,6034.837206,"ns/op",40000
"custompriorityqueue.CustomPriorityQueuePerformanceTest.testCollectionConstructor","avgt",1,3,1036402.442711,16220.404107,"ns/op",50000
"custompriorityqueue.CustomPriorityQueuePerformanceTest.testCollectionConstructor","avgt",1,3,1224198.268716,64754.769416,"ns/op",60000
"custompriorityqueue.CustomPriorityQueuePerformanceTest.testCollectionConstructor","avgt",1,3,1428315.055080,48662.388312,"ns/op",70000
"custompriorityqueue.CustomPriorityQueuePerformanceTest.testCollectionConstructor","avgt",1,3,1693414.889293,33036.243574,"ns/op",80000
"custompriorityqueue.CustomPriorityQueuePerformanceTest.testCollectionConstructor","avgt",1,3,1871768.408838,76451.506842,"ns/op",90000
"custompriorityqueue.CustomPriorityQueuePerformanceTest.testCollectionConstructor","avgt",1,3,2063983.331973,16745.850141,"ns/op",100000
"custompriorityqueue.CustomPriorityQueuePerformanceTest.testComparator","avgt",1,3,0.536937,0.389193,"ns/op",10000
"custompriorityqueue.CustomPriorityQueuePerformanceTest.testComparator","avgt",1,3,0.524387,0.005442,"ns/op",20000
"custompriorityqueue.CustomPriorityQueuePerformanceTest.testComparator","avgt",1,3,0.540912,0.513276,"ns/op",30000
"custompriorityqueue.CustomPriorityQueuePerformanceTest.testComparator","avgt",1,3,0.543892,0.611033,"ns/op",40000
"custompriorityqueue.CustomPriorityQueuePerformanceTest.testComparator","avgt",1,3,0.524509,0.006808,"ns/op",50000
"custompriorityqueue.CustomPriorityQueuePerformanceTest.testComparator","avgt",1,3,0.524483,0.004511,"ns/op",60000
"custompriorityqueue.CustomPriorityQueuePerformanceTest.testComparator","avgt",1,3,0.524712,0.005210,"ns/op",70000
"custompriorityqueue.CustomPriorityQueuePerformanceTest.testComparator","avgt",1,3,0.524676,0.004826,"ns/op",80000
"custompriorityqueue.CustomPriorityQueuePerformanceTest.testComparator","avgt",1,3,0.524804,0.004033,"ns/op",90000
"custompriorityqueue.CustomPriorityQueuePerformanceTest.testComparator","avgt",1,3,0.524707,0.003198,"ns/op",100000
"custompriorityqueue.CustomPriorityQueuePerformanceTest.testComparatorConstructor","avgt",1,3,4.466326,0.127598,"ns/op",10000
"custompriorityqueue.CustomPriorityQueuePerformanceTest.testComparatorConstructor","avgt",1,3,4.639030,2.138393,"ns/op",20000
"custompriorityqueue.CustomPriorityQueuePerformanceTest.testComparatorConstructor","avgt",1,3,4.478817,0.109630,"ns/op",30000
"custompriorityqueue.CustomPriorityQueuePerformanceTest.testComparatorConstructor","avgt",1,3,4.484902,0.141876,"ns/op",40000
"custompriorityqueue.CustomPriorityQueuePerformanceTest.testComparatorConstructor","avgt",1,3,4.492327,0.076526,"ns/op",50000
"custompriorityqueue.CustomPriorityQueuePerformanceTest.testComparatorConstructor","avgt",1,3,4.494418,0.126621,"ns/op",60000
"custompriorityqueue.CustomPriorityQueuePerformanceTest.testComparatorConstructor","avgt",1,3,4.491448,0.213166,"ns/op",70000
"custompriorityqueue.CustomPriorityQueuePerformanceTest.testComparatorConstructor","avgt",1,3,4.570045,2.447307,"ns/op",80000
"custompriorityqueue.CustomPriorityQueuePerformanceTest.testComparatorConstructor","avgt",1,3,4.558659,2.523302,"ns/op",90000
"custompriorityqueue.CustomPriorityQueuePerformanceTest.testComparatorConstructor","avgt",1,3,4.481593,0.065173,"ns/op",100000
"custompriorityqueue.CustomPriorityQueuePerformanceTest.testContains","avgt",1,3,2887.372514,4257.986045,"ns/op",10000
"custompriorityqueue.CustomPriorityQueuePerformanceTest.testContains","avgt",1,3,6995.448103,1726.170858,"ns/op",20000
"custompriorityqueue.CustomPriorityQueuePerformanceTest.testContains","avgt",1,3,10694.868103,1727.447816,"ns/op",30000
"custompriorityqueue.CustomPriorityQueuePerformanceTest.testContains","avgt",1,3,13074.730394,46489.846885,"ns/op",40000
"custompriorityqueue.CustomPriorityQueuePerformanceTest.testContains","avgt",1,3,14759.824948,46118.957474,"ns/op",50000
"custompriorityqueue.CustomPriorityQueuePerformanceTest.testContains","avgt",1,3,20009.656266,71380.454814,"ns/op",60000
"custompriorityqueue.CustomPriorityQueuePerformanceTest.testContains","avgt",1,3,20046.107069,19960.857210,"ns/op",70000
"custompriorityqueue.CustomPriorityQueuePerformanceTest.testContains","avgt",1,3,25237.908884,38061.019656,"ns/op",80000
"custompriorityqueue.CustomPriorityQueuePerformanceTest.testContains","avgt",1,3,26300.158796,64258.120089,"ns/op",90000
"custompriorityqueue.CustomPriorityQueuePerformanceTest.testContains","avgt",1,3,26901.324461,68749.117880,"ns/op",100000
"custompriorityqueue.CustomPriorityQueuePerformanceTest.testContainsAll","avgt",1,3,122572.625214,3518.947783,"ns/op",10000
"custompriorityqueue.CustomPriorityQueuePerformanceTest.testContainsAll","avgt",1,3,275516.910155,15654.657467,"ns/op",20000
"custompriorityqueue.CustomPriorityQueuePerformanceTest.testContainsAll","avgt",1,3,390713.228574,18085.346021,"ns/op",30000
"custompriorityqueue.CustomPriorityQueuePerformanceTest.testContainsAll","avgt",1,3,636597.092102,107020.638534,"ns/op",40000
"custompriorityqueue.CustomPriorityQueuePerformanceTest.testContainsAll","avgt",1,3,612560.540145,22978.034086,"ns/op",50000
"custompriorityqueue.CustomPriorityQueuePerformanceTest.testContainsAll","avgt",1,3,772745.118357,272569.317560,"ns/op",60000
"custompriorityqueue.CustomPriorityQueuePerformanceTest.testContainsAll","avgt",1,3,996503.966316,296634.395140,"ns/op",70000
"custompriorityqueue.CustomPriorityQueuePerformanceTest.testContainsAll","avgt",1,3,1168948.163132,389207.474553,"ns/op",80000
"custompriorityqueue.CustomPriorityQueuePerformanceTest.testContainsAll","avgt",1,3,1383565.383539,68421.390918,"ns/op",90000
"custompriorityqueue.CustomPriorityQueuePerformanceTest.testContainsAll","avgt",1,3,1257558.767208,103565.175937,"ns/op",100000
"custompriorityqueue.CustomPriorityQueuePerformanceTest.testDefaultConstructor","avgt",1,3,4.531321,0.146354,"ns/op",10000
"custompriorityqueue.CustomPriorityQueuePerformanceTest.testDefaultConstructor","avgt",1,3,4.527147,0.194119,"ns/op",20000
"custompriorityqueue.CustomPriorityQueuePerformanceTest.testDefaultConstructor","avgt",1,3,4.542051,0.186279,"ns/op",30000
"custompriorityqueue.CustomPriorityQueuePerformanceTest.testDefaultConstructor","avgt",1,3,4.533683,0.143829,"ns/op",40000
"custompriorityqueue.CustomPriorityQueuePerformanceTest.testDefaultConstructor","avgt",1,3,4.541896,0.236067,"ns/op",50000
"custompriorityqueue.CustomPriorityQueuePerformanceTest.testDefaultConstructor","avgt",1,3,4.539311,0.213732,"ns/op",60000
"custompriorityqueue.CustomPriorityQueuePerformanceTest.testDefaultConstructor","avgt",1,3,4.601542,1.735805,"ns/op",70000
"custompriorityqueue.CustomPriorityQueuePerformanceTest.testDefaultConstructor","avgt",1,3,4.544466,0.219710,"ns/op",80000
"custompriorityqueue.CustomPriorityQueuePerformanceTest.testDefaultConstructor","avgt",1,3,4.511079,0.110973,"ns/op",90000
"custompriorityqueue.CustomPriorityQueuePerformanceTest.testDefaultConstructor","avgt",1,3,4.525873,0.280355,"ns/op",100000
"custompriorityqueue.CustomPriorityQueuePerformanceTest.testElement","avgt",1,3,0.962093,0.473376,"ns/op",10000
"custompriorityqueue.CustomPriorityQueuePerformanceTest.testElement","avgt",1,3,0.974249,0.448699,"ns/op",20000
"custompriorityqueue.CustomPriorityQueuePerformanceTest.testElement","avgt",1,3,0.960722,0.490442,"ns/op",30000
"custompriorityqueue.CustomPriorityQueuePerformanceTest.testElement","avgt",1,3,0.949783,0.121796,"ns/op",40000
"custompriorityqueue.CustomPriorityQueuePerformanceTest.testElement","avgt",1,3,0.950781,0.132727,"ns/op",50000
"custompriorityqueue.CustomPriorityQueuePerformanceTest.testElement","avgt",1,3,0.954833,0.261685,"ns/op",60000
"custompriorityqueue.CustomPriorityQueuePerformanceTest.testElement","avgt",1,3,0.959078,0.362331,"ns/op",70000
"custompriorityqueue.CustomPriorityQueuePerformanceTest.testElement","avgt",1,3,0.952402,0.183775,"ns/op",80000
"custompriorityqueue.CustomPriorityQueuePerformanceTest.testElement","avgt",1,3,0.946738,0.002920,"ns/op",90000
"custompriorityqueue.CustomPriorityQueuePerformanceTest.testElement","avgt",1,3,0.950712,0.141039,"ns/op",100000
"custompriorityqueue.CustomPriorityQueuePerformanceTest.testIsEmpty","avgt",1,3,0.734653,0.005259,"ns/op",10000
"custompriorityqueue.CustomPriorityQueuePerformanceTest.testIsEmpty","avgt",1,3,0.734182,0.013945,"ns/op",20000
"custompriorityqueue.CustomPriorityQueuePerformanceTest.testIsEmpty","avgt",1,3,0.735807,0.022096,"ns/op",30000
"custompriorityqueue.CustomPriorityQueuePerformanceTest.testIsEmpty","avgt",1,3,0.747565,0.271564,"ns/op",40000
"custompriorityqueue.CustomPriorityQueuePerformanceTest.testIsEmpty","avgt",1,3,0.734529,0.007385,"ns/op",50000
"custompriorityqueue.CustomPriorityQueuePerformanceTest.testIsEmpty","avgt",1,3,0.734733,0.008698,"ns/op",60000
"custompriorityqueue.CustomPriorityQueuePerformanceTest.testIsEmpty","avgt",1,3,0.738064,0.084417,"ns/op",70000
"custompriorityqueue.CustomPriorityQueuePerformanceTest.testIsEmpty","avgt",1,3,0.735099,0.008504,"ns/op",80000
"custompriorityqueue.CustomPriorityQueuePerformanceTest.testIsEmpty","avgt",1,3,0.738536,0.069975,"ns/op",90000
"custompriorityqueue.CustomPriorityQueuePerformanceTest.testIsEmpty","avgt",1,3,0.733613,0.012551,"ns/op",100000
"custompriorityqueue.CustomPriorityQueuePerformanceTest.testIterator","avgt",1,3,1340.921619,10.519858,"ns/op",10000
"custompriorityqueue.CustomPriorityQueuePerformanceTest.testIterator","avgt",1,3,2683.455804,62.093507,"ns/op",20000
"custompriorityqueue.CustomPriorityQueuePerformanceTest.testIterator","avgt",1,3,4026.826827,755.534238,"ns/op",30000
"custompriorityqueue.CustomPriorityQueuePerformanceTest.testIterator","avgt",1,3,5359.700120,42.269239,"ns/op",40000
"custompriorityqueue.CustomPriorityQueuePerformanceTest.testIterator","avgt",1,3,6707.179190,35.129722,"ns/op",50000
"custompriorityqueue.CustomPriorityQueuePerformanceTest.testIterator","avgt",1,3,8041.573825,78.074097,"ns/op",60000
"custompriorityqueue.CustomPriorityQueuePerformanceTest.testIterator","avgt",1,3,9407.044709,1139.315831,"ns/op",70000
"custompriorityqueue.CustomPriorityQueuePerformanceTest.testIterator","avgt",1,3,10691.287542,77.478833,"ns/op",80000
"custompriorityqueue.CustomPriorityQueuePerformanceTest.testIterator","avgt",1,3,12013.195449,1003.171396,"ns/op",90000
"custompriorityqueue.CustomPriorityQueuePerformanceTest.testIterator","avgt",1,3,13337.086617,1532.872351,"ns/op",100000
"custompriorityqueue.CustomPriorityQueuePerformanceTest.testOffer","avgt",1,3,42.168305,73.617634,"ns/op",10000
"custompriorityqueue.CustomPriorityQueuePerformanceTest.testOffer","avgt",1,3,42.825443,112.151124,"ns/op",20000
"custompriorityqueue.CustomPriorityQueuePerformanceTest.testOffer","avgt",1,3,40.553088,21.726840,"ns/op",30000
"custompriorityqueue.CustomPriorityQueuePerformanceTest.testOffer","avgt",1,3,39.946143,78.088471,"ns/op",40000
"custompriorityqueue.CustomPriorityQueuePerformanceTest.testOffer","avgt",1,3,42.366576,150.607889,"ns/op",50000
"custompriorityqueue.CustomPriorityQueuePerformanceTest.testOffer","avgt",1,3,43.103153,7.212603,"ns/op",60000
"custompriorityqueue.CustomPriorityQueuePerformanceTest.testOffer","avgt",1,3,38.830454,67.834706,"ns/op",70000
"custompriorityqueue.CustomPriorityQueuePerformanceTest.testOffer","avgt",1,3,42.693319,130.446933,"ns/op",80000
"custompriorityqueue.CustomPriorityQueuePerformanceTest.testOffer","avgt",1,3,42.815030,30.208527,"ns/op",90000
"custompriorityqueue.CustomPriorityQueuePerformanceTest.testOffer","avgt",1,3,44.186423,63.704322,"ns/op",100000
"custompriorityqueue.CustomPriorityQueuePerformanceTest.testPeek","avgt",1,3,0.944116,0.022104,"ns/op",10000
"custompriorityqueue.CustomPriorityQueuePerformanceTest.testPeek","avgt",1,3,0.955490,0.354805,"ns/op",20000
"custompriorityqueue.CustomPriorityQueuePerformanceTest.testPeek","avgt",1,3,0.952861,0.280618,"ns/op",30000
"custompriorityqueue.CustomPriorityQueuePerformanceTest.testPeek","avgt",1,3,0.987975,0.423210,"ns/op",40000
"custompriorityqueue.CustomPriorityQueuePerformanceTest.testPeek","avgt",1,3,0.966679,0.094376,"ns/op",50000
"custompriorityqueue.CustomPriorityQueuePerformanceTest.testPeek","avgt",1,3,0.963183,0.294345,"ns/op",60000
"custompriorityqueue.CustomPriorityQueuePerformanceTest.testPeek","avgt",1,3,0.979465,0.264705,"ns/op",70000
"custompriorityqueue.CustomPriorityQueuePerformanceTest.testPeek","avgt",1,3,0.954619,0.180697,"ns/op",80000
"custompriorityqueue.CustomPriorityQueuePerformanceTest.testPeek","avgt",1,3,0.966286,0.398729,"ns/op",90000
"custompriorityqueue.CustomPriorityQueuePerformanceTest.testPeek","avgt",1,3,0.979755,0.286286,"ns/op",100000
"custompriorityqueue.CustomPriorityQueuePerformanceTest.testPoll","avgt",1,3,0.737921,0.054920,"ns/op",10000
"custompriorityqueue.CustomPriorityQueuePerformanceTest.testPoll","avgt",1,3,0.742480,0.040452,"ns/op",20000
"custompriorityqueue.CustomPriorityQueuePerformanceTest.testPoll","avgt",1,3,0.757175,0.315591,"ns/op",30000
"custompriorityqueue.CustomPriorityQueuePerformanceTest.testPoll","avgt",1,3,0.749558,0.003049,"ns/op",40000
"custompriorityqueue.CustomPriorityQueuePerformanceTest.testPoll","avgt",1,3,0.761915,0.254703,"ns/op",50000
"custompriorityqueue.CustomPriorityQueuePerformanceTest.testPoll","avgt",1,3,0.762478,0.108223,"ns/op",60000
"custompriorityqueue.CustomPriorityQueuePerformanceTest.testPoll","avgt",1,3,0.765646,0.034321,"ns/op",70000
"custompriorityqueue.CustomPriorityQueuePerformanceTest.testPoll","avgt",1,3,0.772332,0.054070,"ns/op",80000
"custompriorityqueue.CustomPriorityQueuePerformanceTest.testPoll","avgt",1,3,0.777377,0.080325,"ns/op",90000
"custompriorityqueue.CustomPriorityQueuePerformanceTest.testPoll","avgt",1,3,0.781334,0.024015,"ns/op",100000
"custompriorityqueue.CustomPriorityQueuePerformanceTest.testRemoveAll","avgt",1,3,509929.639451,10827.014653,"ns/op",10000
"custompriorityqueue.CustomPriorityQueuePerformanceTest.testRemoveAll","avgt",1,3,1105349.776599,9917.769021,"ns/op",20000
"custompriorityqueue.CustomPriorityQueuePerformanceTest.testRemoveAll","avgt",1,3,1614510.976618,356990.993296,"ns/op",30000
"custompriorityqueue.CustomPriorityQueuePerformanceTest.testRemoveAll","avgt",1,3,2278723.885779,132169.240439,"ns/op",40000
"custompriorityqueue.CustomPriorityQueuePerformanceTest.testRemoveAll","avgt",1,3,2697111.136478,57365.626303,"ns/op",50000
"custompriorityqueue.CustomPriorityQueuePerformanceTest.testRemoveAll","avgt",1,3,3219439.693004,42963.677767,"ns/op",60000
"custompriorityqueue.CustomPriorityQueuePerformanceTest.testRemoveAll","avgt",1,3,3857253.496955,44607.185675,"ns/op",70000
"custompriorityqueue.CustomPriorityQueuePerformanceTest.testRemoveAll","avgt",1,3,4537951.689665,154929.053086,"ns/op",80000
"custompriorityqueue.CustomPriorityQueuePerformanceTest.testRemoveAll","avgt",1,3,5205125.285474,28461.586521,"ns/op",90000
"custompriorityqueue.CustomPriorityQueuePerformanceTest.testRemoveAll","avgt",1,3,5188071.238473,568504.104000,"ns/op",100000
"custompriorityqueue.CustomPriorityQueuePerformanceTest.testRemoveObject","avgt",1,3,2.234956,0.094662,"ns/op",10000
"custompriorityqueue.CustomPriorityQueuePerformanceTest.testRemoveObject","avgt",1,3,2.508220,0.078728,"ns/op",20000
"custompriorityqueue.CustomPriorityQueuePerformanceTest.testRemoveObject","avgt",1,3,3.084001,0.738490,"ns/op",30000
"custompriorityqueue.CustomPriorityQueuePerformanceTest.testRemoveObject","avgt",1,3,4.702820,1.387035,"ns/op",40000
"custompriorityqueue.CustomPriorityQueuePerformanceTest.testRemoveObject","avgt",1,3,21.123814,22.536369,"ns/op",50000
"custompriorityqueue.CustomPriorityQueuePerformanceTest.testRemoveObject","avgt",1,3,12869.417740,9918.645394,"ns/op",60000
"custompriorityqueue.CustomPriorityQueuePerformanceTest.testRemoveObject","avgt",1,3,17956.344877,16362.624272,"ns/op",70000
"custompriorityqueue.CustomPriorityQueuePerformanceTest.testRemoveObject","avgt",1,3,19765.641191,17015.039783,"ns/op",80000
"custompriorityqueue.CustomPriorityQueuePerformanceTest.testRemoveObject","avgt",1,3,22412.591438,11234.288946,"ns/op",90000
"custompriorityqueue.CustomPriorityQueuePerformanceTest.testRemoveObject","avgt",1,3,27148.228084,53535.742268,"ns/op",100000
"custompriorityqueue.CustomPriorityQueuePerformanceTest.testRetainAll","avgt",1,3,526569.633478,9459.617328,"ns/op",10000
"custompriorityqueue.CustomPriorityQueuePerformanceTest.testRetainAll","avgt",1,3,1103882.598662,20112.272590,"ns/op",20000
"custompriorityqueue.CustomPriorityQueuePerformanceTest.testRetainAll","avgt",1,3,1594793.164629,26551.329511,"ns/op",30000
"custompriorityqueue.CustomPriorityQueuePerformanceTest.testRetainAll","avgt",1,3,2254587.997656,61744.365234,"ns/op",40000
"custompriorityqueue.CustomPriorityQueuePerformanceTest.testRetainAll","avgt",1,3,2760004.681757,62251.279665,"ns/op",50000
"custompriorityqueue.CustomPriorityQueuePerformanceTest.testRetainAll","avgt",1,3,3222145.906165,89193.802163,"ns/op",60000
"custompriorityqueue.CustomPriorityQueuePerformanceTest.testRetainAll","avgt",1,3,3895449.905608,51251.343317,"ns/op",70000
"custompriorityqueue.CustomPriorityQueuePerformanceTest.testRetainAll","avgt",1,3,4544206.188573,76937.945973,"ns/op",80000
"custompriorityqueue.CustomPriorityQueuePerformanceTest.testRetainAll","avgt",1,3,5121192.172061,85614.996890,"ns/op",90000
"custompriorityqueue.CustomPriorityQueuePerformanceTest.testRetainAll","avgt",1,3,5258132.617125,171255.457116,"ns/op",100000
"custompriorityqueue.CustomPriorityQueuePerformanceTest.testSize","avgt",1,3,0.733381,0.009605,"ns/op",10000
"custompriorityqueue.CustomPriorityQueuePerformanceTest.testSize","avgt",1,3,0.733619,0.009296,"ns/op",20000
"custompriorityqueue.CustomPriorityQueuePerformanceTest.testSize","avgt",1,3,0.732520,0.003004,"ns/op",30000
"custompriorityqueue.CustomPriorityQueuePerformanceTest.testSize","avgt",1,3,0.733337,0.009428,"ns/op",40000
"custompriorityqueue.CustomPriorityQueuePerformanceTest.testSize","avgt",1,3,0.737882,0.131099,"ns/op",50000
"custompriorityqueue.CustomPriorityQueuePerformanceTest.testSize","avgt",1,3,0.733851,0.006438,"ns/op",60000
"custompriorityqueue.CustomPriorityQueuePerformanceTest.testSize","avgt",1,3,0.736491,0.101784,"ns/op",70000
"custompriorityqueue.CustomPriorityQueuePerformanceTest.testSize","avgt",1,3,0.734861,0.009982,"ns/op",80000
"custompriorityqueue.CustomPriorityQueuePerformanceTest.testSize","avgt",1,3,0.736546,0.041785,"ns/op",90000
"custompriorityqueue.CustomPriorityQueuePerformanceTest.testSize","avgt",1,3,0.743486,0.310390,"ns/op",100000
"custompriorityqueue.CustomPriorityQueuePerformanceTest.testToArray","avgt",1,3,1047.812161,26.122685,"ns/op",10000
"custompriorityqueue.CustomPriorityQueuePerformanceTest.testToArray","avgt",1,3,1729.757990,48.230943,"ns/op",20000
"custompriorityqueue.CustomPriorityQueuePerformanceTest.testToArray","avgt",1,3,3290.518727,751.804124,"ns/op",30000
"custompriorityqueue.CustomPriorityQueuePerformanceTest.testToArray","avgt",1,3,3391.992898,3130.751352,"ns/op",40000
"custompriorityqueue.CustomPriorityQueuePerformanceTest.testToArray","avgt",1,3,5614.970155,704.171365,"ns/op",50000
"custompriorityqueue.CustomPriorityQueuePerformanceTest.testToArray","avgt",1,3,6768.266560,2542.388511,"ns/op",60000
"custompriorityqueue.CustomPriorityQueuePerformanceTest.testToArray","avgt",1,3,8105.088572,2624.623650,"ns/op",70000
"custompriorityqueue.CustomPriorityQueuePerformanceTest.testToArray","avgt",1,3,8909.445944,3673.315383,"ns/op",80000
"custompriorityqueue.CustomPriorityQueuePerformanceTest.testToArray","avgt",1,3,9752.414034,4275.549017,"ns/op",90000
"custompriorityqueue.CustomPriorityQueuePerformanceTest.testToArray","avgt",1,3,11135.631537,3213.676355,"ns/op",100000
"custompriorityqueue.CustomPriorityQueuePerformanceTest.testToArrayTyped","avgt",1,3,5707.256857,60.134771,"ns/op",10000
"custompriorityqueue.CustomPriorityQueuePerformanceTest.testToArrayTyped","avgt",1,3,10933.809813,1083.302388,"ns/op",20000
"custompriorityqueue.CustomPriorityQueuePerformanceTest.testToArrayTyped","avgt",1,3,17812.098019,17343.147512,"ns/op",30000
"custompriorityqueue.CustomPriorityQueuePerformanceTest.testToArrayTyped","avgt",1,3,22116.025682,17087.520618,"ns/op",40000
"custompriorityqueue.CustomPriorityQueuePerformanceTest.testToArrayTyped","avgt",1,3,29181.363551,25092.520018,"ns/op",50000
"custompriorityqueue.CustomPriorityQueuePerformanceTest.testToArrayTyped","avgt",1,3,34435.694252,28913.927367,"ns/op",60000
"custompriorityqueue.CustomPriorityQueuePerformanceTest.testToArrayTyped","avgt",1,3,39081.013370,5060.057454,"ns/op",70000
"custompriorityqueue.CustomPriorityQueuePerformanceTest.testToArrayTyped","avgt",1,3,52369.147021,545.760250,"ns/op",80000
"custompriorityqueue.CustomPriorityQueuePerformanceTest.testToArrayTyped","avgt",1,3,57622.056895,1904.361187,"ns/op",90000
"custompriorityqueue.CustomPriorityQueuePerformanceTest.testToArrayTyped","avgt",1,3,59774.719011,7851.829740,"ns/op",100000
"custompriorityqueue.PriorityQueuePerformanceTest.testAdd","avgt",1,3,40722.535091,26473.689111,"ns/op",10000
"custompriorityqueue.PriorityQueuePerformanceTest.testAdd","avgt",1,3,162732.231158,28860.150552,"ns/op",20000
"custompriorityqueue.PriorityQueuePerformanceTest.testAdd","avgt",1,3,266268.941212,101055.651040,"ns/op",30000
"custompriorityqueue.PriorityQueuePerformanceTest.testAdd","avgt",1,3,372580.357857,55781.648444,"ns/op",40000
"custompriorityqueue.PriorityQueuePerformanceTest.testAdd","avgt",1,3,483673.526594,39464.050000,"ns/op",50000
"custompriorityqueue.PriorityQueuePerformanceTest.testAdd","avgt",1,3,487765.247634,58116.270466,"ns/op",60000
"custompriorityqueue.PriorityQueuePerformanceTest.testAdd","avgt",1,3,579226.582452,6656.840438,"ns/op",70000
"custompriorityqueue.PriorityQueuePerformanceTest.testAdd","avgt",1,3,726709.951386,61460.605798,"ns/op",80000
"custompriorityqueue.PriorityQueuePerformanceTest.testAdd","avgt",1,3,805394.409301,10098.025639,"ns/op",90000
"custompriorityqueue.PriorityQueuePerformanceTest.testAdd","avgt",1,3,924603.996998,32657.674513,"ns/op",100000
"custompriorityqueue.PriorityQueuePerformanceTest.testAddAll","avgt",1,3,125863.412557,34996.018798,"ns/op",10000
"custompriorityqueue.PriorityQueuePerformanceTest.testAddAll","avgt",1,3,253009.786824,110257.332238,"ns/op",20000
"custompriorityqueue.PriorityQueuePerformanceTest.testAddAll","avgt",1,3,456711.548882,213829.457325,"ns/op",30000
"custompriorityqueue.PriorityQueuePerformanceTest.testAddAll","avgt",1,3,664012.136460,311818.156019,"ns/op",40000
"custompriorityqueue.PriorityQueuePerformanceTest.testAddAll","avgt",1,3,842487.228146,420459.057164,"ns/op",50000
"custompriorityqueue.PriorityQueuePerformanceTest.testAddAll","avgt",1,3,1009111.335275,357658.399668,"ns/op",60000
"custompriorityqueue.PriorityQueuePerformanceTest.testAddAll","avgt",1,3,1095766.993799,489982.517152,"ns/op",70000
"custompriorityqueue.PriorityQueuePerformanceTest.testAddAll","avgt",1,3,1192065.355926,589455.997067,"ns/op",80000
"custompriorityqueue.PriorityQueuePerformanceTest.testAddAll","avgt",1,3,1469941.327149,442422.133706,"ns/op",90000
"custompriorityqueue.PriorityQueuePerformanceTest.testAddAll","avgt",1,3,1612892.003406,540582.022785,"ns/op",100000
"custompriorityqueue.PriorityQueuePerformanceTest.testCapacityAndComparatorConstructor","avgt",1,3,469.686259,4.729900,"ns/op",10000
"custompriorityqueue.PriorityQueuePerformanceTest.testCapacityAndComparatorConstructor","avgt",1,3,893.401022,28.750476,"ns/op",20000
"custompriorityqueue.PriorityQueuePerformanceTest.testCapacityAndComparatorConstructor","avgt",1,3,1413.942419,81.465424,"ns/op",30000
"custompriorityqueue.PriorityQueuePerformanceTest.testCapacityAndComparatorConstructor","avgt",1,3,1785.280972,493.674957,"ns/op",40000
"custompriorityqueue.PriorityQueuePerformanceTest.testCapacityAndComparatorConstructor","avgt",1,3,2283.199967,213.850154,"ns/op",50000
"custompriorityqueue.PriorityQueuePerformanceTest.testCapacityAndComparatorConstructor","avgt",1,3,2701.974157,203.570814,"ns/op",60000
"custompriorityqueue.PriorityQueuePerformanceTest.testCapacityAndComparatorConstructor","avgt",1,3,3173.142766,140.354037,"ns/op",70000
"custompriorityqueue.PriorityQueuePerformanceTest.testCapacityAndComparatorConstructor","avgt",1,3,3554.676252,122.522670,"ns/op",80000
"custompriorityqueue.PriorityQueuePerformanceTest.testCapacityAndComparatorConstructor","avgt",1,3,4080.442539,1809.680435,"ns/op",90000
"custompriorityqueue.PriorityQueuePerformanceTest.testCapacityAndComparatorConstructor","avgt",1,3,4443.891069,105.633856,"ns/op",100000
"custompriorityqueue.PriorityQueuePerformanceTest.testCapacityConstructor","avgt",1,3,473.512293,6.994748,"ns/op",10000
"custompriorityqueue.PriorityQueuePerformanceTest.testCapacityConstructor","avgt",1,3,895.314409,37.855888,"ns/op",20000
"custompriorityqueue.PriorityQueuePerformanceTest.testCapacityConstructor","avgt",1,3,1441.532047,51.703727,"ns/op",30000
"custompriorityqueue.PriorityQueuePerformanceTest.testCapacityConstructor","avgt",1,3,1759.341523,27.321408,"ns/op",40000
"custompriorityqueue.PriorityQueuePerformanceTest.testCapacityConstructor","avgt",1,3,2277.435513,112.786679,"ns/op",50000
"custompriorityqueue.PriorityQueuePerformanceTest.testCapacityConstructor","avgt",1,3,2701.784593,182.847139,"ns/op",60000
"custompriorityqueue.PriorityQueuePerformanceTest.testCapacityConstructor","avgt",1,3,3166.433799,142.839294,"ns/op",70000
"custompriorityqueue.PriorityQueuePerformanceTest.testCapacityConstructor","avgt",1,3,3574.186700,172.546261,"ns/op",80000
"custompriorityqueue.PriorityQueuePerformanceTest.testCapacityConstructor","avgt",1,3,4106.413087,2264.421477,"ns/op",90000
"custompriorityqueue.PriorityQueuePerformanceTest.testCapacityConstructor","avgt",1,3,4591.562985,910.321403,"ns/op",100000
"custompriorityqueue.PriorityQueuePerformanceTest.testClear","avgt",1,3,35679.063695,29882.703954,"ns/op",10000
"custompriorityqueue.PriorityQueuePerformanceTest.testClear","avgt",1,3,133687.706360,25179.326796,"ns/op",20000
"custompriorityqueue.PriorityQueuePerformanceTest.testClear","avgt",1,3,263218.440062,102084.585432,"ns/op",30000
"custompriorityqueue.PriorityQueuePerformanceTest.testClear","avgt",1,3,377472.847412,25718.777789,"ns/op",40000
"custompriorityqueue.PriorityQueuePerformanceTest.testClear","avgt",1,3,481819.475668,36480.791862,"ns/op",50000
"custompriorityqueue.PriorityQueuePerformanceTest.testClear","avgt",1,3,489247.776725,48419.135260,"ns/op",60000
"custompriorityqueue.PriorityQueuePerformanceTest.testClear","avgt",1,3,605484.866502,77642.250292,"ns/op",70000
"custompriorityqueue.PriorityQueuePerformanceTest.testClear","avgt",1,3,753783.271861,42030.429760,"ns/op",80000
"custompriorityqueue.PriorityQueuePerformanceTest.testClear","avgt",1,3,768264.709361,26866.360072,"ns/op",90000
"custompriorityqueue.PriorityQueuePerformanceTest.testClear","avgt",1,3,934468.614790,50448.635801,"ns/op",100000
"custompriorityqueue.PriorityQueuePerformanceTest.testCollectionConstructor","avgt",1,3,34316.971569,45163.745622,"ns/op",10000
"custompriorityqueue.PriorityQueuePerformanceTest.testCollectionConstructor","avgt",1,3,131547.525468,80882.055630,"ns/op",20000
"custompriorityqueue.PriorityQueuePerformanceTest.testCollectionConstructor","avgt",1,3,245614.968808,98142.330406,"ns/op",30000
"custompriorityqueue.PriorityQueuePerformanceTest.testCollectionConstructor","avgt",1,3,364683.933741,126169.234530,"ns/op",40000
"custompriorityqueue.PriorityQueuePerformanceTest.testCollectionConstructor","avgt",1,3,468272.083653,39087.511047,"ns/op",50000
"custompriorityqueue.PriorityQueuePerformanceTest.testCollectionConstructor","avgt",1,3,475688.303795,39232.465319,"ns/op",60000
"custompriorityqueue.PriorityQueuePerformanceTest.testCollectionConstructor","avgt",1,3,577271.655208,17908.862607,"ns/op",70000
"custompriorityqueue.PriorityQueuePerformanceTest.testCollectionConstructor","avgt",1,3,694794.349989,33791.004038,"ns/op",80000
"custompriorityqueue.PriorityQueuePerformanceTest.testCollectionConstructor","avgt",1,3,746494.225373,30363.655820,"ns/op",90000
"custompriorityqueue.PriorityQueuePerformanceTest.testCollectionConstructor","avgt",1,3,864741.113726,82809.104338,"ns/op",100000
"custompriorityqueue.PriorityQueuePerformanceTest.testComparator","avgt",1,3,0.532661,0.285081,"ns/op",10000
"custompriorityqueue.PriorityQueuePerformanceTest.testComparator","avgt",1,3,0.523675,0.010557,"ns/op",20000
"custompriorityqueue.PriorityQueuePerformanceTest.testComparator","avgt",1,3,0.524096,0.001086,"ns/op",30000
"custompriorityqueue.PriorityQueuePerformanceTest.testComparator","avgt",1,3,0.543435,0.614039,"ns/op",40000
"custompriorityqueue.PriorityQueuePerformanceTest.testComparator","avgt",1,3,0.543340,0.612319,"ns/op",50000
"custompriorityqueue.PriorityQueuePerformanceTest.testComparator","avgt",1,3,0.524305,0.002736,"ns/op",60000
"custompriorityqueue.PriorityQueuePerformanceTest.testComparator","avgt",1,3,0.523929,0.005862,"ns/op",70000
"custompriorityqueue.PriorityQueuePerformanceTest.testComparator","avgt",1,3,0.524275,0.002086,"ns/op",80000
"custompriorityqueue.PriorityQueuePerformanceTest.testComparator","avgt",1,3,0.523752,0.006022,"ns/op",90000
"custompriorityqueue.PriorityQueuePerformanceTest.testComparator","avgt",1,3,0.532835,0.280093,"ns/op",100000
"custompriorityqueue.PriorityQueuePerformanceTest.testComparatorConstructor","avgt",1,3,3.442263,0.094952,"ns/op",10000
"custompriorityqueue.PriorityQueuePerformanceTest.testComparatorConstructor","avgt",1,3,3.454173,0.080637,"ns/op",20000
"custompriorityqueue.PriorityQueuePerformanceTest.testComparatorConstructor","avgt",1,3,3.461958,0.175589,"ns/op",30000
"custompriorityqueue.PriorityQueuePerformanceTest.testComparatorConstructor","avgt",1,3,3.470412,0.050635,"ns/op",40000
"custompriorityqueue.PriorityQueuePerformanceTest.testComparatorConstructor","avgt",1,3,3.451979,0.043490,"ns/op",50000
"custompriorityqueue.PriorityQueuePerformanceTest.testComparatorConstructor","avgt",1,3,3.449498,0.121682,"ns/op",60000
"custompriorityqueue.PriorityQueuePerformanceTest.testComparatorConstructor","avgt",1,3,3.454540,0.078070,"ns/op",70000
"custompriorityqueue.PriorityQueuePerformanceTest.testComparatorConstructor","avgt",1,3,3.462727,0.008392,"ns/op",80000
"custompriorityqueue.PriorityQueuePerformanceTest.testComparatorConstructor","avgt",1,3,3.499525,1.205759,"ns/op",90000
"custompriorityqueue.PriorityQueuePerformanceTest.testComparatorConstructor","avgt",1,3,3.463068,0.052859,"ns/op",100000
"custompriorityqueue.PriorityQueuePerformanceTest.testContains","avgt",1,3,2791.638976,3029.933434,"ns/op",10000
"custompriorityqueue.PriorityQueuePerformanceTest.testContains","avgt",1,3,6993.850921,2335.059534,"ns/op",20000
"custompriorityqueue.PriorityQueuePerformanceTest.testContains","avgt",1,3,10683.484491,4123.530429,"ns/op",30000
"custompriorityqueue.PriorityQueuePerformanceTest.testContains","avgt",1,3,14844.280498,3951.700698,"ns/op",40000
"custompriorityqueue.PriorityQueuePerformanceTest.testContains","avgt",1,3,17643.053648,18632.636343,"ns/op",50000
"custompriorityqueue.PriorityQueuePerformanceTest.testContains","avgt",1,3,22012.703517,17202.830523,"ns/op",60000
"custompriorityqueue.PriorityQueuePerformanceTest.testContains","avgt",1,3,26118.858952,35907.639062,"ns/op",70000
"custompriorityqueue.PriorityQueuePerformanceTest.testContains","avgt",1,3,30321.119267,51562.766605,"ns/op",80000
"custompriorityqueue.PriorityQueuePerformanceTest.testContains","avgt",1,3,32952.415910,66867.733834,"ns/op",90000
"custompriorityqueue.PriorityQueuePerformanceTest.testContains","avgt",1,3,35102.514999,37516.984104,"ns/op",100000
"custompriorityqueue.PriorityQueuePerformanceTest.testContainsAll","avgt",1,3,24732.409664,11221.920505,"ns/op",10000
"custompriorityqueue.PriorityQueuePerformanceTest.testContainsAll","avgt",1,3,75604.641942,3115.382293,"ns/op",20000
"custompriorityqueue.PriorityQueuePerformanceTest.testContainsAll","avgt",1,3,97428.422698,68274.747362,"ns/op",30000
"custompriorityqueue.PriorityQueuePerformanceTest.testContainsAll","avgt",1,3,114516.104160,40668.021758,"ns/op",40000
"custompriorityqueue.PriorityQueuePerformanceTest.testContainsAll","avgt",1,3,212668.310855,7192.696401,"ns/op",50000
"custompriorityqueue.PriorityQueuePerformanceTest.testContainsAll","avgt",1,3,247672.015629,8502.844387,"ns/op",60000
"custompriorityqueue.PriorityQueuePerformanceTest.testContainsAll","avgt",1,3,265075.715715,10515.853147,"ns/op",70000
"custompriorityqueue.PriorityQueuePerformanceTest.testContainsAll","avgt",1,3,253291.431010,5881.471607,"ns/op",80000
"custompriorityqueue.PriorityQueuePerformanceTest.testContainsAll","avgt",1,3,349559.762316,3970.358150,"ns/op",90000
"custompriorityqueue.PriorityQueuePerformanceTest.testContainsAll","avgt",1,3,382448.618958,21593.273730,"ns/op",100000
"custompriorityqueue.PriorityQueuePerformanceTest.testDefaultConstructor","avgt",1,3,3.499453,0.116644,"ns/op",10000
"custompriorityqueue.PriorityQueuePerformanceTest.testDefaultConstructor","avgt",1,3,3.504852,0.033247,"ns/op",20000
"custompriorityqueue.PriorityQueuePerformanceTest.testDefaultConstructor","avgt",1,3,3.554150,1.452751,"ns/op",30000
"custompriorityqueue.PriorityQueuePerformanceTest.testDefaultConstructor","avgt",1,3,3.505783,0.446765,"ns/op",40000
"custompriorityqueue.PriorityQueuePerformanceTest.testDefaultConstructor","avgt",1,3,3.508929,0.633259,"ns/op",50000
"custompriorityqueue.PriorityQueuePerformanceTest.testDefaultConstructor","avgt",1,3,3.504162,0.075681,"ns/op",60000
"custompriorityqueue.PriorityQueuePerformanceTest.testDefaultConstructor","avgt",1,3,3.503734,0.133572,"ns/op",70000
"custompriorityqueue.PriorityQueuePerformanceTest.testDefaultConstructor","avgt",1,3,3.510731,0.145160,"ns/op",80000
"custompriorityqueue.PriorityQueuePerformanceTest.testDefaultConstructor","avgt",1,3,3.507045,0.055090,"ns/op",90000
"custompriorityqueue.PriorityQueuePerformanceTest.testDefaultConstructor","avgt",1,3,3.509048,0.130351,"ns/op",100000
"custompriorityqueue.PriorityQueuePerformanceTest.testElement","avgt",1,3,0.733246,0.012142,"ns/op",10000
"custompriorityqueue.PriorityQueuePerformanceTest.testElement","avgt",1,3,0.735969,0.084915,"ns/op",20000
"custompriorityqueue.PriorityQueuePerformanceTest.testElement","avgt",1,3,0.746224,0.278074,"ns/op",30000
"custompriorityqueue.PriorityQueuePerformanceTest.testElement","avgt",1,3,0.739265,0.170136,"ns/op",40000
"custompriorityqueue.PriorityQueuePerformanceTest.testElement","avgt",1,3,0.737008,0.119441,"ns/op",50000
"custompriorityqueue.PriorityQueuePerformanceTest.testElement","avgt",1,3,0.733641,0.003553,"ns/op",60000
"custompriorityqueue.PriorityQueuePerformanceTest.testElement","avgt",1,3,0.748508,0.264148,"ns/op",70000
"custompriorityqueue.PriorityQueuePerformanceTest.testElement","avgt",1,3,0.733513,0.003755,"ns/op",80000
"custompriorityqueue.PriorityQueuePerformanceTest.testElement","avgt",1,3,0.743868,0.316684,"ns/op",90000
"custompriorityqueue.PriorityQueuePerformanceTest.testElement","avgt",1,3,0.733655,0.004167,"ns/op",100000
"custompriorityqueue.PriorityQueuePerformanceTest.testIsEmpty","avgt",1,3,0.592221,0.002614,"ns/op",10000
"custompriorityqueue.PriorityQueuePerformanceTest.testIsEmpty","avgt",1,3,0.524081,0.005669,"ns/op",20000
"custompriorityqueue.PriorityQueuePerformanceTest.testIsEmpty","avgt",1,3,0.523809,0.001838,"ns/op",30000
"custompriorityqueue.PriorityQueuePerformanceTest.testIsEmpty","avgt",1,3,0.527544,0.119829,"ns/op",40000
"custompriorityqueue.PriorityQueuePerformanceTest.testIsEmpty","avgt",1,3,0.523151,0.004423,"ns/op",50000
"custompriorityqueue.PriorityQueuePerformanceTest.testIsEmpty","avgt",1,3,0.524471,0.019959,"ns/op",60000
"custompriorityqueue.PriorityQueuePerformanceTest.testIsEmpty","avgt",1,3,0.525827,0.068187,"ns/op",70000
"custompriorityqueue.PriorityQueuePerformanceTest.testIsEmpty","avgt",1,3,0.536541,0.396810,"ns/op",80000
"custompriorityqueue.PriorityQueuePerformanceTest.testIsEmpty","avgt",1,3,0.524145,0.005351,"ns/op",90000
"custompriorityqueue.PriorityQueuePerformanceTest.testIsEmpty","avgt",1,3,0.523976,0.010208,"ns/op",100000
"custompriorityqueue.PriorityQueuePerformanceTest.testIterator","avgt",1,3,1348.967759,18.691284,"ns/op",10000
"custompriorityqueue.PriorityQueuePerformanceTest.testIterator","avgt",1,3,2675.977537,299.386708,"ns/op",20000
"custompriorityqueue.PriorityQueuePerformanceTest.testIterator","avgt",1,3,3994.268019,62.078548,"ns/op",30000
"custompriorityqueue.PriorityQueuePerformanceTest.testIterator","avgt",1,3,5371.502369,535.136097,"ns/op",40000
"custompriorityqueue.PriorityQueuePerformanceTest.testIterator","avgt",1,3,6677.934589,77.753330,"ns/op",50000
"custompriorityqueue.PriorityQueuePerformanceTest.testIterator","avgt",1,3,8041.796905,1225.397409,"ns/op",60000
"custompriorityqueue.PriorityQueuePerformanceTest.testIterator","avgt",1,3,9348.456485,705.238277,"ns/op",70000
"custompriorityqueue.PriorityQueuePerformanceTest.testIterator","avgt",1,3,10672.468381,770.212821,"ns/op",80000
"custompriorityqueue.PriorityQueuePerformanceTest.testIterator","avgt",1,3,11968.582398,837.827199,"ns/op",90000
"custompriorityqueue.PriorityQueuePerformanceTest.testIterator","avgt",1,3,13358.175157,2206.826130,"ns/op",100000
"custompriorityqueue.PriorityQueuePerformanceTest.testOffer","avgt",1,3,55468.131103,32276.999423,"ns/op",10000
"custompriorityqueue.PriorityQueuePerformanceTest.testOffer","avgt",1,3,136724.020927,8881.598546,"ns/op",20000
"custompriorityqueue.PriorityQueuePerformanceTest.testOffer","avgt",1,3,256509.936587,125272.390674,"ns/op",30000
"custompriorityqueue.PriorityQueuePerformanceTest.testOffer","avgt",1,3,373251.728632,135193.426570,"ns/op",40000
"custompriorityqueue.PriorityQueuePerformanceTest.testOffer","avgt",1,3,477046.236402,51653.034104,"ns/op",50000
"custompriorityqueue.PriorityQueuePerformanceTest.testOffer","avgt",1,3,481062.563008,16390.237668,"ns/op",60000
"custompriorityqueue.PriorityQueuePerformanceTest.testOffer","avgt",1,3,579711.878231,30213.804256,"ns/op",70000
"custompriorityqueue.PriorityQueuePerformanceTest.testOffer","avgt",1,3,684937.977998,35163.000410,"ns/op",80000
"custompriorityqueue.PriorityQueuePerformanceTest.testOffer","avgt",1,3,788097.200311,38377.092449,"ns/op",90000
"custompriorityqueue.PriorityQueuePerformanceTest.testOffer","avgt",1,3,922948.027736,56055.461267,"ns/op",100000
"custompriorityqueue.PriorityQueuePerformanceTest.testPeek","avgt",1,3,0.733578,0.006514,"ns/op",10000
"custompriorityqueue.PriorityQueuePerformanceTest.testPeek","avgt",1,3,0.733671,0.007770,"ns/op",20000
"custompriorityqueue.PriorityQueuePerformanceTest.testPeek","avgt",1,3,0.746007,0.276639,"ns/op",30000
"custompriorityqueue.PriorityQueuePerformanceTest.testPeek","avgt",1,3,0.738972,0.165627,"ns/op",40000
"custompriorityqueue.PriorityQueuePerformanceTest.testPeek","avgt",1,3,0.736678,0.101725,"ns/op",50000
"custompriorityqueue.PriorityQueuePerformanceTest.testPeek","avgt",1,3,0.733905,0.006051,"ns/op",60000
"custompriorityqueue.PriorityQueuePerformanceTest.testPeek","avgt",1,3,0.738055,0.145307,"ns/op",70000
"custompriorityqueue.PriorityQueuePerformanceTest.testPeek","avgt",1,3,0.734607,0.043910,"ns/op",80000
"custompriorityqueue.PriorityQueuePerformanceTest.testPeek","avgt",1,3,0.733682,0.007625,"ns/op",90000
"custompriorityqueue.PriorityQueuePerformanceTest.testPeek","avgt",1,3,0.733536,0.010448,"ns/op",100000
"custompriorityqueue.PriorityQueuePerformanceTest.testPoll","avgt",1,3,35803.878241,61196.401185,"ns/op",10000
"custompriorityqueue.PriorityQueuePerformanceTest.testPoll","avgt",1,3,127081.745936,56368.110009,"ns/op",20000
"custompriorityqueue.PriorityQueuePerformanceTest.testPoll","avgt",1,3,255037.376138,49777.509285,"ns/op",30000
"custompriorityqueue.PriorityQueuePerformanceTest.testPoll","avgt",1,3,368786.253469,113460.189198,"ns/op",40000
"custompriorityqueue.PriorityQueuePerformanceTest.testPoll","avgt",1,3,467866.042993,55889.755498,"ns/op",50000
"custompriorityqueue.PriorityQueuePerformanceTest.testPoll","avgt",1,3,517089.408660,58140.168832,"ns/op",60000
"custompriorityqueue.PriorityQueuePerformanceTest.testPoll","avgt",1,3,557153.072851,26732.229480,"ns/op",70000
"custompriorityqueue.PriorityQueuePerformanceTest.testPoll","avgt",1,3,743018.780703,65420.089314,"ns/op",80000
"custompriorityqueue.PriorityQueuePerformanceTest.testPoll","avgt",1,3,745808.400040,34051.673231,"ns/op",90000
"custompriorityqueue.PriorityQueuePerformanceTest.testPoll","avgt",1,3,869082.660534,31778.393370,"ns/op",100000
"custompriorityqueue.PriorityQueuePerformanceTest.testPriorityQueueConstructor","avgt",1,3,1062.975283,12.989513,"ns/op",10000
"custompriorityqueue.PriorityQueuePerformanceTest.testPriorityQueueConstructor","avgt",1,3,1674.816586,638.177690,"ns/op",20000
"custompriorityqueue.PriorityQueuePerformanceTest.testPriorityQueueConstructor","avgt",1,3,3291.482800,271.624007,"ns/op",30000
"custompriorityqueue.PriorityQueuePerformanceTest.testPriorityQueueConstructor","avgt",1,3,3690.936492,672.231903,"ns/op",40000
"custompriorityqueue.PriorityQueuePerformanceTest.testPriorityQueueConstructor","avgt",1,3,5745.949216,2270.903747,"ns/op",50000
"custompriorityqueue.PriorityQueuePerformanceTest.testPriorityQueueConstructor","avgt",1,3,6942.050261,2383.087533,"ns/op",60000
"custompriorityqueue.PriorityQueuePerformanceTest.testPriorityQueueConstructor","avgt",1,3,7457.892237,984.975905,"ns/op",70000
"custompriorityqueue.PriorityQueuePerformanceTest.testPriorityQueueConstructor","avgt",1,3,9872.946438,410.536635,"ns/op",80000
"custompriorityqueue.PriorityQueuePerformanceTest.testPriorityQueueConstructor","avgt",1,3,9842.684677,198.932340,"ns/op",90000
"custompriorityqueue.PriorityQueuePerformanceTest.testPriorityQueueConstructor","avgt",1,3,11852.716839,3804.230313,"ns/op",100000
"custompriorityqueue.PriorityQueuePerformanceTest.testRemoveAll","avgt",1,3,14654175.000000,152063.039134,"ns/op",10000
"custompriorityqueue.PriorityQueuePerformanceTest.testRemoveAll","avgt",1,3,73201337.285714,459352.624424,"ns/op",20000
"custompriorityqueue.PriorityQueuePerformanceTest.testRemoveAll","avgt",1,3,157443253.416667,1686851.641424,"ns/op",30000
"custompriorityqueue.PriorityQueuePerformanceTest.testRemoveAll","avgt",1,3,280734840.166667,4781878.303205,"ns/op",40000
"custompriorityqueue.PriorityQueuePerformanceTest.testRemoveAll","avgt",1,3,440319444.500000,291415157.722517,"ns/op",50000
"custompriorityqueue.PriorityQueuePerformanceTest.testRemoveAll","avgt",1,3,610017652.666667,893930763.297736,"ns/op",60000
"custompriorityqueue.PriorityQueuePerformanceTest.testRemoveAll","avgt",1,3,873409833.333333,281056695.964007,"ns/op",70000
"custompriorityqueue.PriorityQueuePerformanceTest.testRemoveAll","avgt",1,3,1131938333.333333,235959351.609556,"ns/op",80000
"custompriorityqueue.PriorityQueuePerformanceTest.testRemoveAll","avgt",1,3,1424597722.000000,230284141.011975,"ns/op",90000
"custompriorityqueue.PriorityQueuePerformanceTest.testRemoveAll","avgt",1,3,1827527819.666667,941145476.553689,"ns/op",100000
"custompriorityqueue.PriorityQueuePerformanceTest.testRemoveHead","avgt",1,3,40771.938989,82921.870819,"ns/op",10000
"custompriorityqueue.PriorityQueuePerformanceTest.testRemoveHead","avgt",1,3,142469.028423,77995.149216,"ns/op",20000
"custompriorityqueue.PriorityQueuePerformanceTest.testRemoveHead","avgt",1,3,288691.312112,879493.155210,"ns/op",30000
"custompriorityqueue.PriorityQueuePerformanceTest.testRemoveHead","avgt",1,3,380178.866313,89754.315397,"ns/op",40000
"custompriorityqueue.PriorityQueuePerformanceTest.testRemoveHead","avgt",1,3,468656.791175,118044.810059,"ns/op",50000
"custompriorityqueue.PriorityQueuePerformanceTest.testRemoveHead","avgt",1,3,494159.375122,36210.801191,"ns/op",60000
"custompriorityqueue.PriorityQueuePerformanceTest.testRemoveHead","avgt",1,3,553591.767856,59270.735287,"ns/op",70000
"custompriorityqueue.PriorityQueuePerformanceTest.testRemoveHead","avgt",1,3,740851.457025,28921.712497,"ns/op",80000
"custompriorityqueue.PriorityQueuePerformanceTest.testRemoveHead","avgt",1,3,740859.924124,57695.368067,"ns/op",90000
"custompriorityqueue.PriorityQueuePerformanceTest.testRemoveHead","avgt",1,3,884026.360913,608642.233321,"ns/op",100000
"custompriorityqueue.PriorityQueuePerformanceTest.testRemoveObject","avgt",1,3,43532.313898,68365.095413,"ns/op",10000
"custompriorityqueue.PriorityQueuePerformanceTest.testRemoveObject","avgt",1,3,164819.101902,28868.775589,"ns/op",20000
"custompriorityqueue.PriorityQueuePerformanceTest.testRemoveObject","avgt",1,3,278203.296618,330332.919131,"ns/op",30000
"custompriorityqueue.PriorityQueuePerformanceTest.testRemoveObject","avgt",1,3,401366.779601,312573.980885,"ns/op",40000
"custompriorityqueue.PriorityQueuePerformanceTest.testRemoveObject","avgt",1,3,497876.157384,37934.389623,"ns/op",50000
"custompriorityqueue.PriorityQueuePerformanceTest.testRemoveObject","avgt",1,3,603185.536364,61753.457886,"ns/op",60000
"custompriorityqueue.PriorityQueuePerformanceTest.testRemoveObject","avgt",1,3,607326.149556,85362.781369,"ns/op",70000
"custompriorityqueue.PriorityQueuePerformanceTest.testRemoveObject","avgt",1,3,677516.500091,64005.723655,"ns/op",80000
"custompriorityqueue.PriorityQueuePerformanceTest.testRemoveObject","avgt",1,3,820397.502926,69849.429938,"ns/op",90000
"custompriorityqueue.PriorityQueuePerformanceTest.testRemoveObject","avgt",1,3,884982.327656,68176.144240,"ns/op",100000
"custompriorityqueue.PriorityQueuePerformanceTest.testRetainAll","avgt",1,3,14705111.504762,823286.085350,"ns/op",10000
"custompriorityqueue.PriorityQueuePerformanceTest.testRetainAll","avgt",1,3,73759025.761905,2291708.929472,"ns/op",20000
"custompriorityqueue.PriorityQueuePerformanceTest.testRetainAll","avgt",1,3,159532579.833333,30953707.461245,"ns/op",30000
"custompriorityqueue.PriorityQueuePerformanceTest.testRetainAll","avgt",1,3,280033388.833333,52134537.448805,"ns/op",40000
"custompriorityqueue.PriorityQueuePerformanceTest.testRetainAll","avgt",1,3,441747270.833333,289689943.604927,"ns/op",50000
"custompriorityqueue.PriorityQueuePerformanceTest.testRetainAll","avgt",1,3,588096097.666667,719383221.010348,"ns/op",60000
"custompriorityqueue.PriorityQueuePerformanceTest.testRetainAll","avgt",1,3,875888278.000000,205142668.758475,"ns/op",70000
"custompriorityqueue.PriorityQueuePerformanceTest.testRetainAll","avgt",1,3,1136888916.666667,61662622.793449,"ns/op",80000
"custompriorityqueue.PriorityQueuePerformanceTest.testRetainAll","avgt",1,3,1435789541.666667,165605281.583314,"ns/op",90000
"custompriorityqueue.PriorityQueuePerformanceTest.testRetainAll","avgt",1,3,1805553944.333333,29007889.721376,"ns/op",100000
"custompriorityqueue.PriorityQueuePerformanceTest.testSize","avgt",1,3,0.544722,0.628815,"ns/op",10000
"custompriorityqueue.PriorityQueuePerformanceTest.testSize","avgt",1,3,0.525009,0.004393,"ns/op",20000
"custompriorityqueue.PriorityQueuePerformanceTest.testSize","avgt",1,3,0.534406,0.008666,"ns/op",30000
"custompriorityqueue.PriorityQueuePerformanceTest.testSize","avgt",1,3,0.532751,0.072949,"ns/op",40000
"custompriorityqueue.PriorityQueuePerformanceTest.testSize","avgt",1,3,0.533319,0.042466,"ns/op",50000
"custompriorityqueue.PriorityQueuePerformanceTest.testSize","avgt",1,3,0.554433,0.620523,"ns/op",60000
"custompriorityqueue.PriorityQueuePerformanceTest.testSize","avgt",1,3,0.533642,0.041464,"ns/op",70000
"custompriorityqueue.PriorityQueuePerformanceTest.testSize","avgt",1,3,0.525042,0.005977,"ns/op",80000
"custompriorityqueue.PriorityQueuePerformanceTest.testSize","avgt",1,3,0.524509,0.001587,"ns/op",90000
"custompriorityqueue.PriorityQueuePerformanceTest.testSize","avgt",1,3,0.530102,0.010965,"ns/op",100000
"custompriorityqueue.PriorityQueuePerformanceTest.testSortedSetConstructor","avgt",1,3,64918.423715,5358.949676,"ns/op",10000
"custompriorityqueue.PriorityQueuePerformanceTest.testSortedSetConstructor","avgt",1,3,154809.706239,29477.217673,"ns/op",20000
"custompriorityqueue.PriorityQueuePerformanceTest.testSortedSetConstructor","avgt",1,3,252784.795510,74358.859054,"ns/op",30000
"custompriorityqueue.PriorityQueuePerformanceTest.testSortedSetConstructor","avgt",1,3,359091.005112,50967.397716,"ns/op",40000
"custompriorityqueue.PriorityQueuePerformanceTest.testSortedSetConstructor","avgt",1,3,459885.469328,28981.510409,"ns/op",50000
"custompriorityqueue.PriorityQueuePerformanceTest.testSortedSetConstructor","avgt",1,3,540889.090178,73006.555417,"ns/op",60000
"custompriorityqueue.PriorityQueuePerformanceTest.testSortedSetConstructor","avgt",1,3,639182.982345,126856.844069,"ns/op",70000
"custompriorityqueue.PriorityQueuePerformanceTest.testSortedSetConstructor","avgt",1,3,726656.377798,15551.482386,"ns/op",80000
"custompriorityqueue.PriorityQueuePerformanceTest.testSortedSetConstructor","avgt",1,3,827985.909421,118561.674748,"ns/op",90000
"custompriorityqueue.PriorityQueuePerformanceTest.testSortedSetConstructor","avgt",1,3,926141.292820,128212.150609,"ns/op",100000
"custompriorityqueue.PriorityQueuePerformanceTest.testToArray","avgt",1,3,1070.304692,550.215771,"ns/op",10000
"custompriorityqueue.PriorityQueuePerformanceTest.testToArray","avgt",1,3,1695.300984,503.359167,"ns/op",20000
"custompriorityqueue.PriorityQueuePerformanceTest.testToArray","avgt",1,3,3310.893620,1013.151104,"ns/op",30000
"custompriorityqueue.PriorityQueuePerformanceTest.testToArray","avgt",1,3,3454.099776,1380.837734,"ns/op",40000
"custompriorityqueue.PriorityQueuePerformanceTest.testToArray","avgt",1,3,5676.459184,2578.324633,"ns/op",50000
"custompriorityqueue.PriorityQueuePerformanceTest.testToArray","avgt",1,3,7001.671365,4229.358721,"ns/op",60000
"custompriorityqueue.PriorityQueuePerformanceTest.testToArray","avgt",1,3,8126.687902,7050.682609,"ns/op",70000
"custompriorityqueue.PriorityQueuePerformanceTest.testToArray","avgt",1,3,8998.011532,3252.246032,"ns/op",80000
"custompriorityqueue.PriorityQueuePerformanceTest.testToArray","avgt",1,3,10230.249666,3073.322616,"ns/op",90000
"custompriorityqueue.PriorityQueuePerformanceTest.testToArray","avgt",1,3,11285.853015,10011.462010,"ns/op",100000
"custompriorityqueue.PriorityQueuePerformanceTest.testToArrayTyped","avgt",1,3,5729.911930,469.527124,"ns/op",10000
"custompriorityqueue.PriorityQueuePerformanceTest.testToArrayTyped","avgt",1,3,10945.705394,3215.636804,"ns/op",20000
"custompriorityqueue.PriorityQueuePerformanceTest.testToArrayTyped","avgt",1,3,19615.680367,14308.060753,"ns/op",30000
"custompriorityqueue.PriorityQueuePerformanceTest.testToArrayTyped","avgt",1,3,24092.579122,5080.721975,"ns/op",40000
"custompriorityqueue.PriorityQueuePerformanceTest.testToArrayTyped","avgt",1,3,32104.216343,24606.931047,"ns/op",50000
"custompriorityqueue.PriorityQueuePerformanceTest.testToArrayTyped","avgt",1,3,38855.850366,4755.915754,"ns/op",60000
"custompriorityqueue.PriorityQueuePerformanceTest.testToArrayTyped","avgt",1,3,44206.083445,3651.031576,"ns/op",70000
"custompriorityqueue.PriorityQueuePerformanceTest.testToArrayTyped","avgt",1,3,46873.899329,1376.221501,"ns/op",80000
"custompriorityqueue.PriorityQueuePerformanceTest.testToArrayTyped","avgt",1,3,53873.924831,686.877532,"ns/op",90000
"custompriorityqueue.PriorityQueuePerformanceTest.testToArrayTyped","avgt",1,3,58090.501060,3004.584518,"ns/op",100000
