Benchmark;Size;Score (ns/op)
"testAdd";10000;42.069917807038195
"testAdd";20000;42.54231197205877
"testAdd";30000;44.836188214854836
"testAdd";40000;41.71815802364904
"testAdd";50000;45.42081647977138
"testAdd";60000;41.73804076382992
"testAdd";70000;40.27588454515976
"testAdd";80000;41.590634718286175
"testAdd";90000;43.859039014641844
"testAdd";100000;43.78496375599908
"testAddAll";10000;170414.7404086154
"testAddAll";20000;404941.5735851246
"testAddAll";30000;638644.4924433535
"testAddAll";40000;800646.4482425364
"testAddAll";50000;1113353.335551228
"testAddAll";60000;1279691.0806840034
"testAddAll";70000;1500353.792075856
"testAddAll";80000;1698366.7164278373
"testAddAll";90000;1912799.715909091
"testAddAll";100000;2140599.9520304035
"testCapacityAndComparatorConstructor";10000;496.4682579003306
"testCapacityAndComparatorConstructor";20000;912.3755869570649
"testCapacityAndComparatorConstructor";30000;1439.7559224965469
"testCapacityAndComparatorConstructor";40000;1794.1136420074063
"testCapacityAndComparatorConstructor";50000;2325.321054688333
"testCapacityAndComparatorConstructor";60000;2735.4008703485047
"testCapacityAndComparatorConstructor";70000;3194.699427415375
"testCapacityAndComparatorConstructor";80000;3638.449323000908
"testCapacityAndComparatorConstructor";90000;4346.892891477301
"testCapacityAndComparatorConstructor";100000;4606.752381346859
"testCapacityConstructor";10000;503.60747342409223
"testCapacityConstructor";20000;959.6411966362793
"testCapacityConstructor";30000;1428.958804702812
"testCapacityConstructor";40000;1796.2579139346942
"testCapacityConstructor";50000;2300.9453421404223
"testCapacityConstructor";60000;2740.1848746116398
"testCapacityConstructor";70000;3196.137879873035
"testCapacityConstructor";80000;3609.8608865896513
"testCapacityConstructor";90000;4090.5647866522254
"testCapacityConstructor";100000;4486.538611763419
"testClear";10000;1.9425710964460121
"testClear";20000;1.956926535213988
"testClear";30000;22.913983151990735
"testClear";40000;2.3304925515764263
"testClear";50000;1.9738507418744398
"testClear";60000;1.9760844854139634
"testClear";70000;1.994573215703216
"testClear";80000;1.976668066762559
"testClear";90000;1.9710520019146065
"testClear";100000;1.959374630123402
"testCollectionAndComparatorConstructor";10000;191675.69767048882
"testCollectionAndComparatorConstructor";20000;391189.46502338845
"testCollectionAndComparatorConstructor";30000;560145.6621237849
"testCollectionAndComparatorConstructor";40000;766534.508327777
"testCollectionAndComparatorConstructor";50000;980102.9253273107
"testCollectionAndComparatorConstructor";60000;1163437.529973339
"testCollectionAndComparatorConstructor";70000;1310183.542314335
"testCollectionAndComparatorConstructor";80000;1841484.4493897345
"testCollectionAndComparatorConstructor";90000;1667686.2792331756
"testCollectionAndComparatorConstructor";100000;1874421.3780159354
"testCollectionConstructor";10000;184433.51993009204
"testCollectionConstructor";20000;396081.7783471341
"testCollectionConstructor";30000;601948.380301847
"testCollectionConstructor";40000;830293.1555963382
"testCollectionConstructor";50000;1038232.2622184284
"testCollectionConstructor";60000;1395276.5752171562
"testCollectionConstructor";70000;1659629.496751391
"testCollectionConstructor";80000;1717682.9612046417
"testCollectionConstructor";90000;2047038.4865510557
"testCollectionConstructor";100000;2154960.2954526003
"testComparator";10000;0.544774466194618
"testComparator";20000;0.6065116988680943
"testComparator";30000;0.6188317870447638
"testComparator";40000;0.5946375076036535
"testComparator";50000;0.5255143858963222
"testComparator";60000;0.5258616528285714
"testComparator";70000;0.5240343538812187
"testComparator";80000;0.5271308846744823
"testComparator";90000;0.5842133036842064
"testComparator";100000;0.6439894472294296
"testComparatorConstructor";10000;4.590629748612882
"testComparatorConstructor";20000;4.829610341492414
"testComparatorConstructor";30000;4.726251107928217
"testComparatorConstructor";40000;4.67167011532529
"testComparatorConstructor";50000;5.132749609851953
"testComparatorConstructor";60000;5.071760154696203
"testComparatorConstructor";70000;4.57548561314938
"testComparatorConstructor";80000;4.680403548719099
"testComparatorConstructor";90000;4.648318183061091
"testComparatorConstructor";100000;4.7535125990147336
"testContains";10000;2766.2070015930644
"testContains";20000;7178.070587515792
"testContains";30000;10981.694955783338
"testContains";40000;14307.546082645596
"testContains";50000;16024.414835063542
"testContains";60000;21553.03700095924
"testContains";70000;20241.28230756726
"testContains";80000;23631.984252510654
"testContains";90000;26622.492608869816
"testContains";100000;27021.007091200245
"testContainsAll";10000;120849.10099242342
"testContainsAll";20000;284159.2635346907
"testContainsAll";30000;408600.39862083615
"testContainsAll";40000;1277350.0408859542
"testContainsAll";50000;663296.4385146995
"testContainsAll";60000;840163.1779381968
"testContainsAll";70000;1091822.4239569919
"testContainsAll";80000;1334091.9628473923
"testContainsAll";90000;1454634.632826838
"testContainsAll";100000;1381583.8827899413
"testDefaultConstructor";10000;4.674777837583757
"testDefaultConstructor";20000;4.592156886490049
"testDefaultConstructor";30000;4.557661246453171
"testDefaultConstructor";40000;4.6210826756309515
"testDefaultConstructor";50000;4.591118885795982
"testDefaultConstructor";60000;4.520204823969134
"testDefaultConstructor";70000;4.512122448071438
"testDefaultConstructor";80000;4.533980717797331
"testDefaultConstructor";90000;4.5352191167823035
"testDefaultConstructor";100000;4.521433047841698
"testElement";10000;0.9661420243703361
"testElement";20000;0.962760687906102
"testElement";30000;0.9665580274213058
"testElement";40000;0.9677847925998951
"testElement";50000;1.023519280004967
"testElement";60000;1.007281718349364
"testElement";70000;1.0410125114851152
"testElement";80000;0.9953484070018591
"testElement";90000;1.333459770439798
"testElement";100000;1.4307918483302142
"testIsEmpty";10000;0.8303296659265694
"testIsEmpty";20000;0.7380301285055855
"testIsEmpty";30000;0.7308295094203753
"testIsEmpty";40000;0.7436257328678093
"testIsEmpty";50000;0.7312607811553334
"testIsEmpty";60000;0.7375013545702819
"testIsEmpty";70000;0.733819090562709
"testIsEmpty";80000;0.730485171480392
"testIsEmpty";90000;0.731737019532079
"testIsEmpty";100000;0.7309110095911406
"testIterator";10000;1336.9123431649334
"testIterator";20000;2743.285574629306
"testIterator";30000;4023.2438199199673
"testIterator";40000;5501.21744610462
"testIterator";50000;6713.225837488074
"testIterator";60000;8030.087898188404
"testIterator";70000;9422.383897606378
"testIterator";80000;10958.411745253698
"testIterator";90000;12040.482226570632
"testIterator";100000;13370.164175502825
"testOffer";10000;43.6975558881609
"testOffer";20000;38.43566685864959
"testOffer";30000;43.23453438030856
"testOffer";40000;42.61569633586489
"testOffer";50000;39.04618925279954
"testOffer";60000;43.55079412548472
"testOffer";70000;40.91431725083451
"testOffer";80000;43.81655437921568
"testOffer";90000;42.993766376410996
"testOffer";100000;47.45005456193579
"testPeek";10000;0.9512302773648097
"testPeek";20000;0.9569560385991602
"testPeek";30000;0.945747202459442
"testPeek";40000;0.9805517126394175
"testPeek";50000;0.9595291678454722
"testPeek";60000;0.9508242978149086
"testPeek";70000;0.963481226959834
"testPeek";80000;0.9578129293898017
"testPeek";90000;0.9478292972835288
"testPeek";100000;0.9767505503196636
"testPoll";10000;0.7383080554508742
"testPoll";20000;0.7540557319342499
"testPoll";30000;0.7510340475997026
"testPoll";40000;2.1793809662879524
"testPoll";50000;0.7855482238663697
"testPoll";60000;0.7866168250174662
"testPoll";70000;0.7751811032133499
"testPoll";80000;0.7932519102752154
"testPoll";90000;0.7938381308999204
"testPoll";100000;0.7850665968851672
"testRemoveAll";10000;520512.6089636038
"testRemoveAll";20000;1118820.523428472
"testRemoveAll";30000;1619552.3962719918
"testRemoveAll";40000;2262124.710992214
"testRemoveAll";50000;2804512.3881160878
"testRemoveAll";60000;3288496.7554112556
"testRemoveAll";70000;4004254.855827592
"testRemoveAll";80000;4667664.927596557
"testRemoveAll";90000;5192286.0
"testRemoveAll";100000;5188345.666351077
"testRemoveObject";10000;2.290106148663091
"testRemoveObject";20000;2.4914662072695024
"testRemoveObject";30000;3.109571523067826
"testRemoveObject";40000;4.658884148557656
"testRemoveObject";50000;19.744469774622377
"testRemoveObject";60000;14394.838328477177
"testRemoveObject";70000;18876.882783393197
"testRemoveObject";80000;21514.04157827367
"testRemoveObject";90000;23337.605665489125
"testRemoveObject";100000;27361.71198186363
"testRetainAll";10000;522103.25847995165
"testRetainAll";20000;1102306.9618984847
"testRetainAll";30000;1622061.0208643507
"testRetainAll";40000;2275466.9568634033
"testRetainAll";50000;2760675.653522139
"testRetainAll";60000;3262370.733322233
"testRetainAll";70000;3891304.878970383
"testRetainAll";80000;4540568.025605964
"testRetainAll";90000;5269709.055555556
"testRetainAll";100000;5268904.371527777
"testSize";10000;0.7362513985308677
"testSize";20000;0.7345536861946891
"testSize";30000;0.7464774666611683
"testSize";40000;0.7350173227259821
"testSize";50000;0.7380472387105342
"testSize";60000;0.7346631847648403
"testSize";70000;0.7435619581028892
"testSize";80000;0.7569235598062614
"testSize";90000;0.7561649021512679
"testSize";100000;0.7517492662904285
"testToArray";10000;1132.5848273117028
"testToArray";20000;1725.985078094064
"testToArray";30000;3304.634341085701
"testToArray";40000;3323.042933574592
"testToArray";50000;5725.982115723203
"testToArray";60000;7086.695749047684
"testToArray";70000;8218.132118136704
"testToArray";80000;9111.17542765914
"testToArray";90000;10404.422025587695
"testToArray";100000;11113.794357270037
"testToArrayTyped";10000;5989.381985551776
"testToArrayTyped";20000;11083.247184594766
"testToArrayTyped";30000;18400.195968152628
"testToArrayTyped";40000;22416.64993147447
"testToArrayTyped";50000;29926.42861882213
"testToArrayTyped";60000;34659.84015556452
"testToArrayTyped";70000;39084.78633081179
"testToArrayTyped";80000;45032.13453731756
"testToArrayTyped";90000;54400.77204916326
"testToArrayTyped";100000;56091.12844958393
